,index,country,province,region_1,winery,title,variety,price,points,taster_name,description,designation,taster_twitter_handle
459,454,Canada,Ontario,Niagara-On-The-Lake,Pillitteri,Pillitteri 2012 Reserve Icewine Vidal (Niagara-On-The-Lake),Vidal,30.0,92,Sean P. Sullivan,"An aromatic knockout with notes of peach, papaya, lychee and brown sugar. At 250 g/L of residual sugar, it's dense and rich with carmelized sugar flavors and a lengthy finish.",Reserve Icewine,@wawinereport
2640,2616,Canada,Ontario,Niagara Peninsula,Pillitteri,Pillitteri 2004 Fusion Gewürztraminer-Riesling (Niagara Peninsula),Gewürztraminer-Riesling,12.0,83,Susan Kostrzewa,"A slightly earthy, spicy nose leads, followed up by good acidity and a touch of flowers. Pair with a cheese plate or enjoy on its own. Imported by Wine Emporium.",Fusion,@suskostrzewa
5615,5580,Canada,Ontario,Niagara Peninsula,Pillitteri,Pillitteri 2004 Select Late Harvest Riesling (Niagara Peninsula),Riesling,24.0,87,Susan Kostrzewa,"Intense flavors of mango, melon and apricot lead on this lively but rich dessert. The palate is bursting with flavor but layered spice softens and adds depth. The sweetness is enhanced by a pretty floral character that lingers through the finish. Imported by Wine Emporium.",Select Late Harvest,@suskostrzewa
5695,5657,Canada,British Columbia,Okanagan Valley,Township 7,Township 7 2015 Blue Terrace Vineyard Reserve Sauvignon Blanc (Okanagan Valley),Sauvignon Blanc,23.0,90,Paul Gregutt,"Sourced from a single vineyard on Oliver's North Bench, this was fermented and aged in one-quarter new French oak barrels. The time in oak has somewhat muted the snappy vitality of the fruit (some tasters might argue it has simply rounded it off). Grassy hints of fresh asparagus remain, and with peppery herb, juicy gooseberry and citrus peel.",Blue Terrace Vineyard Reserve,@paulgwine 
7556,7504,Canada,British Columbia,Okanagan Valley,LaStella,LaStella 2013 Moscato d'Osoyoos Moscato (Okanagan Valley),Moscato,20.0,92,Paul Gregutt,"This irresistible, lightly frizzante and utterly refreshing wine is a gem. Orange flesh and rind has a slightly candied potency, with outstanding purity, focus and length. In spite of the sweetness, it retains offsetting minerality and acidity, making it a perfect apéritif or brunch wine.",Moscato d'Osoyoos,@paulgwine 
7565,7513,Canada,Ontario,Beamsville Bench,Cave Spring,Cave Spring 2012 CSV Estate Bottled Riesling (Beamsville Bench),Riesling,25.0,92,Paul Gregutt,"Produced from the estate vineyard's oldest vines, this CSV bottling is a dry, leesy, textural wine, with dominant flavors of citrus flesh and rind along with green apples. There's a strong streak of mineral also, and a well-balanced finish of medium length.",CSV Estate Bottled,@paulgwine 
7672,7622,Canada,Ontario,Lake Erie North Shore,North 42 Degrees,North 42 Degrees 2016 Sweet Riesling (Lake Erie North Shore),Riesling,16.0,87,Paul Gregutt,"This off-dry wine is solid, with a mix of lemons and oranges in a broad, fruity midpalate. A thick streak of sweet tea comes up also, and the wine, though blocky and one-dimensional, is quite nice chilled down as an apéritif.",Sweet,@paulgwine 
7676,7626,Canada,British Columbia,Okanagan Valley,Township 7,Township 7 2014 Rock Pocket Vineyard Cabernet Franc (Okanagan Valley),Cabernet Franc,28.0,87,Paul Gregutt,"This is quite light, with berry fruit running into tongue-scraping tannins. Flavors of earth and stem add still more grip and herbaceous character, outstripping the mild fruit.",Rock Pocket Vineyard,@paulgwine 
7829,7779,Canada,British Columbia,Okanagan Valley,Laughing Stock,Laughing Stock 2011 LFNG Blind Trust Red (Okanagan Valley),Bordeaux-style Red Blend,30.0,92,Paul Gregutt,"Essentially a Bordeaux-style blend (just 4% Syrah breaks the mold), this smooth, silky wine is seductive. The blueberry, black cherry and plum fruit has compelling complexity, further enhanced with flavors of coffee and toast from 14 months in French oak.",LFNG Blind Trust,@paulgwine 
7852,7801,Canada,British Columbia,Okanagan Valley,Vista d'Oro,Vista d'Oro 2007 D'Oro Red (Okanagan Valley),Red Blend,35.0,92,Paul Gregutt,"This unique, port-style dessert wine fortifies its Marechal Foch, Cabernet Franc and Merlot base with walnut brandy. Smooth as silk, it has clearly benefitted from extra bottle age, and drinks like a dream. It's loaded with lush and generous flavors of crème de cassis, toffee, coffee, maple syrup and caramel.",D'Oro,@paulgwine 
7930,7878,Canada,Ontario,Niagara Peninsula,Cave Spring,Cave Spring 2013 Riesling Icewine Riesling (Niagara Peninsula),Riesling,60.0,94,Paul Gregutt,"Smooth as silk and deeply concentrated, this outstanding icewine offers pressed apple, peach, pear, apricot and papaya fruit in a seamless, dense and immensely flavorful core. A streak of butter and honey carries it into a long, splendid finish.",Riesling Icewine,@paulgwine 
8198,8147,Canada,British Columbia,Okanagan Valley,Tinhorn Creek,Tinhorn Creek 2015 Oldfield Series 2Bench White (Okanagan Valley),White Blend,20.0,87,Paul Gregutt,"This snappy blend of Chardonnay, Sauvignon Blanc, Viognier, Sémillon and Muscat brings a pungent, somewhat grassy profile front and center. Stone fruits with a touch of lime fill in the core, with some bite to the finish.",Oldfield Series 2Bench,@paulgwine 
8280,8230,Canada,Ontario,Niagara Peninsula,Stratus,Stratus 2008 Icewine Riesling (Niagara Peninsula),Riesling,70.0,92,Sean P. Sullivan,"This wine is the vinous equivalent of biting into a ripe, juicy mango that has been drizzled with honey. It's viscous and full in feel, loaded with tropical flavors that linger on the finish. Perhaps a bit one note but represents it well.",Icewine,@wawinereport
8284,8234,Canada,Ontario,Niagara Peninsula,Inniskillin,Inniskillin 2007 Gold Icewine Vidal Blanc (Niagara Peninsula),Vidal Blanc,77.0,92,Sean P. Sullivan,"Harvested at 40.16 Brix and retaining a whopping 255 g/L residual sugar, this wine shows a complex medley of notes ranging from fresh baked apple pie to apricot and cinnamon. It's thick and rich in feel with stone fruit and dried orange rind flavors persisting through the long-drawn-out finish.",Gold Icewine,@wawinereport
10065,10003,Canada,Ontario,Niagara Peninsula,Inniskillin,Inniskillin 2011 Icewine Vidal (Niagara Peninsula),Vidal,60.0,91,Sean P. Sullivan,"This vibrantly aromatic wine brings generous notes of honey, pineapple, papaya and apricot. It's intensely sweet and rich in flavor and feel, lingering on the finish.",Icewine,@wawinereport
10753,10692,Canada,Ontario,Lake Erie North Shore,North 42 Degrees,North 42 Degrees 2016 Reserve Riesling (Lake Erie North Shore),Riesling,28.0,84,Paul Gregutt,"This wine feels flat, with no life to the palate. It's been fermented to complete dryness, leaving only tired skin flavors of dried lemon and mixed citrus. Two bottles were tasted, with identical results.",Reserve,@paulgwine 
10776,10715,Canada,British Columbia,Okanagan Valley,Black Hills,Black Hills 2012 Nota Bene Red (Okanagan Valley),Bordeaux-style Red Blend,60.0,92,Paul Gregutt,"This is the winery's superstar Bordeaux-style blend, and one of the defining red wines of the Okanagan. In its youth it is peppery, tannic and tough, with strong herbal flavors, along with pomegranate, cranberry and white raspberry fruit. It's firmly acidic, lightly toasty, complex and finished with flavors of coffee grounds, cacao, baking spices and smoke. Drink now through 2025.",Nota Bene,@paulgwine 
10788,10727,Canada,British Columbia,Okanagan Valley,Painted Rock,Painted Rock 2010 Estate Grown Syrah (Okanagan Valley),Syrah,65.0,92,Paul Gregutt,"Dark and silky, this bursts open with ripe plum and black cherry fruit. Streaks of smoke and iron run through, along with highlights of bright citrus. Sweet toast and dark chocolate flavors wrap up a long and most satisfying finish. Drink now through 2024.",Estate Grown,@paulgwine 
10801,10739,Canada,British Columbia,Okanagan Valley,Church & State,Church & State 2010 Coyote Bowl Series Cabernet Franc (Okanagan Valley),Cabernet Franc,35.0,91,Paul Gregutt,"Tart berry and sour cherry fruit is set amidst a well-balanced, pure varietal expression of Cab Franc. A touch of stem, earth and coffee carry out the varietal flavors, with a firmness to the tannins.",Coyote Bowl Series,@paulgwine 
10852,10789,Canada,Ontario,Niagara-On-The-Lake,Pillitteri,Pillitteri 2010 Icewine Cabernet Sauvignon (Niagara-On-The-Lake),Cabernet Sauvignon,70.0,90,Sean P. Sullivan,"A very pretty wine with a refined aroma profile of wild strawberry, wet stone, dried cherry and peppery spice backed by rich, candied fruit flavors that manage retain deftness.",Icewine,@wawinereport
10853,10790,Canada,Ontario,Niagara-On-The-Lake,Pillitteri,Pillitteri 2011 Icewine Cabernet Franc (Niagara-On-The-Lake),Cabernet Franc,70.0,90,Sean P. Sullivan,"Lightly aromatic with notes of currant, cranberry and spice. The palate is all about balance, with sugary fruit flavors that are drawn out in the finish.",Icewine,@wawinereport
10953,10890,Canada,British Columbia,Okanagan Valley,Church & State,Church & State 2012 Trebella White (Okanagan Valley),Rhône-style White Blend,20.0,90,Paul Gregutt,"This southern Rhône-style blend is soft, lush and heavy with a rich mix of peach, apricot and papaya fruit power. One-third new oak barrels put a patina of toast and butterscotch on the ripe fruit, with a finishing flavor of fresh roasted cashews.",Trebella,@paulgwine 
12195,12140,Canada,British Columbia,Okanagan Valley,Mission Hill,Mission Hill 2011 Oculus Red (Okanagan Valley),Bordeaux-style Red Blend,120.0,91,Paul Gregutt,"Oculus is 71% Merlot, with 16% Cabernet Sauvignon and 13% Cabernet Franc finishing the blend. As with Mission Hill's other high-end red blends, it's almost jet black in hue, with scents of smoke and char around blackberry and black cherry fruit. Chocolate and espresso flavors come through strongly, and the tannins are quite drying. It's a style ready-made for a thick, juicy steak.",Oculus,@paulgwine 
12321,12264,Canada,Ontario,Niagara Peninsula,Henry of Pelham,Henry of Pelham 1999 Icewine Riesling (Niagara Peninsula),Riesling,50.0,91,Joe Czerwinski,"A bit closed at first, then swirling, characteristic Riesling aromas of pears, golden delicious apples and superripe peaches appear. Thick and intense, it's almost overwhelming in its honeyed richness. Sweet enough to pair with many desserts, but try it with blue-veined cheeses for a special treat.",Icewine,@JoeCz
13117,13062,Canada,Ontario,St. David's Bench,Bachelder,Bachelder 2014 Lowrey Vineyard Old Vines Pinot Noir (St. David's Bench),Pinot Noir,34.0,90,Paul Gregutt,"Elegant and polished, this brings raspberry pastry flavors, a touch of crème brûlée and scents of light toast to a wine with impressive length. It was fermented with wild yeasts and aged 18 months in 25% new French oak.",Lowrey Vineyard Old Vines,@paulgwine 
13700,13645,Canada,British Columbia,Okanagan Valley,Tinhorn Creek,Tinhorn Creek 2013 Oldfield Series Cabernet Franc (Okanagan Valley),Cabernet Franc,32.0,91,Paul Gregutt,"Pure varietal, this spent 18 months in French oak. Dried cherries, plums and tobacco combine, at first quite tight and compact, but eventually opening into a full-bodied and flavorful red. A touch of maple syrup from the barrel aging sweetens the tannins and enlivens the finish.",Oldfield Series,@paulgwine 
14665,14613,Canada,British Columbia,Okanagan Valley,Township 7,Township 7 2012 Reserve 7 Red (Okanagan Valley),Bordeaux-style Red Blend,36.0,91,Paul Gregutt,"The smoky, spicy aromatics lead into an intriguing Bordeaux-style blend that is dominated by Merlot (70%). Well-defined, dense and balanced, its flavors are stacked vertically, supple and tight, with berry, cherry, plum and chocolate interwoven. Tannins are firm and smooth. Drink now through 2025.",Reserve 7,@paulgwine 
15336,15284,Canada,British Columbia,Okanagan Valley,Township 7,Township 7 2015 Blue Terrace Vineyard Reserve Sauvignon Blanc (Okanagan Valley),Sauvignon Blanc,23.0,90,Paul Gregutt,"Sourced from a single vineyard on Oliver's North Bench, this was fermented and aged in one-quarter new French oak barrels. The time in oak has somewhat muted the snappy vitality of the fruit (some tasters might argue it has simply rounded it off). Grassy hints of fresh asparagus remain, and with peppery herb, juicy gooseberry and citrus peel.",Blue Terrace Vineyard Reserve,@paulgwine 
17137,17086,Canada,Ontario,Beamsville Bench,Cave Spring,Cave Spring 2012 CSV Estate Bottled Riesling (Beamsville Bench),Riesling,25.0,92,Paul Gregutt,"Produced from the estate vineyard's oldest vines, this CSV bottling is a dry, leesy, textural wine, with dominant flavors of citrus flesh and rind along with green apples. There's a strong streak of mineral also, and a well-balanced finish of medium length.",CSV Estate Bottled,@paulgwine 
17893,17843,Canada,Ontario,Lake Erie North Shore,Colio,Colio 1998 Select Late Harvest Riesling (Lake Erie North Shore),Riesling,18.0,86,Joe Czerwinski,"Smells oily, with a diesel-fuel note that some may find offputting. Rich and earthy on the palate, this bottling emphasizes spice, mineral and loam flavors, not the bright fruit of so many other Ontario products.",Select Late Harvest,@JoeCz
18815,18766,Canada,British Columbia,British Columbia,Calliope,Calliope 2013 Figure 8 Red (British Columbia),Red Blend,25.0,88,Paul Gregutt,"Calliope is the second label of Burrowing Owl. This tight, toasty blend is comprised of 56% Merlot, 30% Cabernet Franc, 8% Malbec and 6% Syrah. Pinpoint fruit flavors of plum and cherry carry a pleasant saline note.",Figure 8,@paulgwine 
18912,18863,Canada,British Columbia,Okanagan Valley,Nk'Mip Cellars,Nk'Mip Cellars 2009 Qwam Qwmt Syrah (Okanagan Valley),Syrah,35.0,89,Paul Gregutt,"Tannic and astringent at first taste, this wine opens up into a more complex and interesting play of dark fruits and darker flavors. Smoke, earth, char and espresso components are set against tight blueberry fruit, with lead pencil tannins. Those tannins might need a juicy steak to put them back in their cage.",Qwam Qwmt,@paulgwine 
19435,19383,Canada,British Columbia,Okanagan Valley,Nk'Mip Cellars,Nk'Mip Cellars 2009 Qwam Qwmt Syrah (Okanagan Valley),Syrah,35.0,89,Paul Gregutt,"Tannic and astringent at first taste, this wine opens up into a more complex and interesting play of dark fruits and darker flavors. Smoke, earth, char and espresso components are set against tight blueberry fruit, with lead pencil tannins. Those tannins might need a juicy steak to put them back in their cage.",Qwam Qwmt,@paulgwine 
20362,20311,Canada,Ontario,Lake Erie North Shore,North 42 Degrees,North 42 Degrees 2016 Late Harvest Gewurztraminer (Lake Erie North Shore),Gewürztraminer,28.0,86,Paul Gregutt,"Produced from late-picked grapes, this 100% varietal concentrates perfumed scents and flavors into a wine that is almost syrupy. The score reflects a slightly bitter flavor that comes up in the finish and lingers stubbornly through the next sip.",Late Harvest,@paulgwine 
20376,20324,Canada,Ontario,Niagara-On-The-Lake,Pillitteri,Pillitteri 2012 Exclamation Reserve Cabernet Franc (Niagara-On-The-Lake),Cabernet Franc,45.0,86,Paul Gregutt,"This special-edition wine carries a striking logo relating to a particular chair that has something to do with the owners. Apart from that, it's pretty standard stuff—black cherry, plum and cocoa flavors with a definite green edge. It finishes tannic and chewy with a bit of alcoholic heat.",Exclamation Reserve,@paulgwine 
20677,20628,Canada,British Columbia,Okanagan Valley,Meyer Family Vineyards,Meyer Family Vineyards 2012 Meyer Chardonnay (Okanagan Valley),Chardonnay,20.0,88,Paul Gregutt,"This has an edge, a frame of herb and skin flavors that tightens the mouthfeel. Green pineapple, cilantro, cucumber and lemon verbena are in play, with a penetrating attack and a pleasantly soft finish. The wine has a density that somehow recalls extra-virgin olive oil.",Meyer,@paulgwine 
20695,20647,Canada,British Columbia,Okanagan Valley,St. Hubertus,St. Hubertus 2012 Oak Bay Vineyard Gamay Noir (Okanagan Valley),Gamay Noir,24.0,88,Paul Gregutt,"A whiff of earth under tangy, young, grapy fruit leads into a tasty, easy-drinking Gamay with flavors of mountain berries. Firm, lemony acidity underscores the bright fruit. Drink this over the next couple of years while the freshness remains.",Oak Bay Vineyard,@paulgwine 
21454,21409,Canada,Ontario,Niagara Peninsula,Jackson-Triggs,Jackson-Triggs 2005 Proprietors' Reserve Icewine Vidal Blanc (Niagara Peninsula),Vidal Blanc,20.0,91,Susan Kostrzewa,"It's no surprise that excellent icewine is being made in the Niagara region of Canada, but this Vidal offering from Jackson-Triggs is a pleasure nonetheless. With its layered aromas and flavors of orange, apricot and honey lifted by crisp acidity, this is both approachable and collectible. A serious wine with a fun and flirty side. Imported by Icon Estates.",Proprietors' Reserve Icewine,@suskostrzewa
21735,21689,Canada,Ontario,Niagara Peninsula,Jackson-Triggs,Jackson-Triggs 2007 Icewine Vidal Blanc (Niagara Peninsula),Vidal Blanc,25.0,85,Susan Kostrzewa,"Aromas of apricot, honey and vanilla give this dessert wine a luscious start. On the palate, balanced, creamy flavors of citrus, fruit and honey linger. Full but not cloying, the wine will pair well with creamy cheeses.",Icewine,@suskostrzewa
22983,22935,Canada,Ontario,Niagara-On-The-Lake,Pillitteri,Pillitteri 2011 Icewine Vidal (Niagara-On-The-Lake),Vidal,50.0,88,Sean P. Sullivan,"A somewhat reserved wine but one that still shows some complexity with notes of honey, apricot, lychee and smoky spice. The palate is rich and luscious with good length and a spice-filled finish.",Icewine,@wawinereport
26242,26197,Canada,Ontario,Niagara Peninsula,Inniskillin,Inniskillin 2006 Vidal Gold Icewine Vidal Blanc (Niagara Peninsula),Vidal Blanc,75.0,89,Susan Kostrzewa,"The Vidal Gold Icewine starts with an enticing nose of tropical fruit, honey and spice. Mouthfilling, intense flavors of peach, mango and apricot follow, balanced by crisp acidity. Clean but complex, the wine unfolds extravagantly on the palate. The wine can age and will intensify as time passes.",Vidal Gold Icewine,@suskostrzewa
27602,27558,Canada,British Columbia,Okanagan Valley,Laughing Stock,Laughing Stock 2014 Portfolio Red (Okanagan Valley),Bordeaux-style Red Blend,40.0,94,Paul Gregutt,"Portfolio is a full-on, five-grape, Bordeaux-style blend—half Merlot. Dark, dense and textural, it's loaded with blackberry and black cherry fruit, swathed in baking spices, cinnamon and mocha. The tannins are beautifully managed, and it should drink magnificently through the mid-2020s.",Portfolio,@paulgwine 
27658,27612,Canada,Ontario,Niagara Peninsula,Cave Spring,Cave Spring 1999 Ice Wine Riesling (Niagara Peninsula),Riesling,50.0,88,Joe Czerwinski,"Wow, is this sweet—tooth-achingly sweet. The aromas and flavors are relatively pure and free of botrytis; instead you get boatloads of ripe pear and melon flavors, huge thickness and weight, and decent acidity. Almost too rich and sweet for its own good.",Ice Wine,@JoeCz
27670,27624,Canada,Ontario,Niagara Peninsula,Henry of Pelham,Henry of Pelham 1999 Special Select Late Harvest Vidal Blanc (Niagara Peninsula),Vidal Blanc,25.0,87,Joe Czerwinski,"Vidal has a peculiar bouquet that I have a hard time describing. This one boasts muskmelon, litchi and kumquat aromas, backed by a honeyed sweetness and grapefruit-like acids. Intense—verging on overblown—this is a fine example of what this French-American hybrid is capable of producing.",Special Select Late Harvest,@JoeCz
29433,29388,Canada,British Columbia,Okanagan Valley,CedarCreek,CedarCreek 2012 Block 2 Platinum Pinot Noir (Okanagan Valley),Pinot Noir,45.0,93,Paul Gregutt,"Lovely, dense aromas of dried flowers, herbs, cherries and chocolate immediately capture attention. This is a superbly elegant wine, with both precision and power. Orange-peel flavors highlight deep cherry compote, with tension, balance and length in abundance.",Block 2 Platinum,@paulgwine 
29798,29754,Canada,Ontario,Lake Erie North Shore,North 42 Degrees,North 42 Degrees 2016 Cabernet Sauvignon Rosé (Lake Erie North Shore),Rosé,18.0,83,Paul Gregutt,"Tawny copper in color, this starts out with a bit of spice that quickly disappears. It's thin without any fruit flavor at all, and finishes with a hint of plastic.",Cabernet Sauvignon,@paulgwine 
29988,29944,Canada,Ontario,Beamsville Bench,Cave Spring,Cave Spring 2013 CSV Estate Bottled Riesling (Beamsville Bench),Riesling,25.0,93,Paul Gregutt,"Elegant and detailed, this is a dry, racy wine with well-balanced flavors of lemon, lime, citrus and mineral. It's quite fresh and perfectly proportioned, with exceptional length. Delicious already, it can easily age until 2025 and probably well beyond.",CSV Estate Bottled,@paulgwine 
32309,32268,Canada,Ontario,Niagara Peninsula,Inniskillin,Inniskillin 2012 Icewine Niagara Estate Riesling (Niagara Peninsula),Riesling,80.0,93,Sean P. Sullivan,"A thoroughly dazzling wine that brings focused, complex notes of honey, pineapple and dried apricot. At 266 g/L residual sugar, it's thick, rich and luscious, with the grape's natural acidity carrying the flavors through to a long, lively and lingering finish.",Icewine Niagara Estate,@wawinereport
35718,35674,Canada,British Columbia,Okanagan Valley,Painted Rock,Painted Rock 2010 Estate Grown Syrah (Okanagan Valley),Syrah,65.0,92,Paul Gregutt,"Dark and silky, this bursts open with ripe plum and black cherry fruit. Streaks of smoke and iron run through, along with highlights of bright citrus. Sweet toast and dark chocolate flavors wrap up a long and most satisfying finish. Drink now through 2024.",Estate Grown,@paulgwine 
35726,35682,Canada,British Columbia,Okanagan Valley,Black Hills,Black Hills 2012 Nota Bene Red (Okanagan Valley),Bordeaux-style Red Blend,60.0,92,Paul Gregutt,"This is the winery's superstar Bordeaux-style blend, and one of the defining red wines of the Okanagan. In its youth it is peppery, tannic and tough, with strong herbal flavors, along with pomegranate, cranberry and white raspberry fruit. It's firmly acidic, lightly toasty, complex and finished with flavors of coffee grounds, cacao, baking spices and smoke. Drink now through 2025.",Nota Bene,@paulgwine 
38019,37980,Canada,British Columbia,Okanagan Valley,Le Vieux Pin,Le Vieux Pin 2011 Équinoxe Syrah (Okanagan Valley),Syrah,85.0,92,Paul Gregutt,"Steely and compact, this rather reluctantly opens to reveal subtle complexity. The mix of tart blueberry and blackberry fruit is accompanied by scents of cured meat, menthol and garrigue. It spent 18 months in a mix of barrels and puncheons, yielding a pleasant finishing impression of cedar. Decant this for at least an hour or two.",Équinoxe,@paulgwine 
38082,38042,Canada,British Columbia,Okanagan Valley,Tinhorn Creek,Tinhorn Creek 2013 Oldfield Series 2Bench Red Red (Okanagan Valley),Bordeaux-style Red Blend,30.0,90,Paul Gregutt,"This Bordeaux-style blend is 47% Cabernet Sauvignon, 24% Cabernet Franc, 20% Merlot, 6% Malbec (new this vintage) and 3% Petit Verdot. Carrying a whiff of musty leather, it nonetheless impresses with mixed black berries, a hint of cigar and polished, firm, substantial tannins. It's a fine steak wine to enjoy now through 2022.",Oldfield Series 2Bench Red,@paulgwine 
38083,38043,Canada,British Columbia,Okanagan Valley,Township 7,Township 7 2015 Sundial Vineyard Reserve Chardonnay (Okanagan Valley),Chardonnay,25.0,90,Paul Gregutt,"Aromas of buttered nuts sail forth, and turn into strong flavors set against stone fruits and skins. Details from barrel aging add nuances of spice and coconut to this tasty wine.",Sundial Vineyard Reserve,@paulgwine 
38249,38210,Canada,British Columbia,Okanagan Valley,Le Vieux Pin,Le Vieux Pin 2012 Cuvée Classique Syrah (Okanagan Valley),Syrah,45.0,94,Paul Gregutt,"This 100% varietal cuvée is smoky, supple and detailed. From the first sniff, what comes to mind is spice-rubbed grilled venison. In the glass it's fresh and full, with blackberry and loganberry jam. The freshness, tension and balance are pitch-perfect.",Cuvée Classique,@paulgwine 
40174,40138,Canada,British Columbia,Okanagan Valley,Township 7,Township 7 2014 Rock Pocket Vineyard Cabernet Franc (Okanagan Valley),Cabernet Franc,28.0,87,Paul Gregutt,"This is quite light, with berry fruit running into tongue-scraping tannins. Flavors of earth and stem add still more grip and herbaceous character, outstripping the mild fruit.",Rock Pocket Vineyard,@paulgwine 
41232,41204,Canada,Ontario,Niagara Peninsula,Konzelmann,Konzelmann 2006 Reserve Gewürztraminer (Niagara Peninsula),Gewürztraminer,22.0,84,Susan Kostrzewa,"This easy-drinking Canadian Gewürz leads with aromas of pear, allspice and lychee. Medium-bodied, its cheerful fresh fruit sweetness is balanced by a refreshing zip and energetic spice. Lively but with some weight. Pair with Indian cuisine, sushi.",Reserve,@suskostrzewa
42690,42662,Canada,British Columbia,Okanagan Valley,Tinhorn Creek,Tinhorn Creek 2012 Oldfield Series Pinot Noir (Okanagan Valley),Pinot Noir,33.0,87,Paul Gregutt,"A sniff of truffle introduces this light but interesting wine. It's still youthful and tight, with tart fruit conjuring up sour cherry pie. Another couple of years in the bottle would put the optimal drinking between 2018 and 2020.",Oldfield Series,@paulgwine 
43467,43440,Canada,British Columbia,Okanagan Valley,Meyer Family Vineyards,Meyer Family Vineyards 2012 McLean Creek Road Vineyard Pinot Noir (Okanagan Valley),Pinot Noir,40.0,87,Sean P. Sullivan,"This wine still appears to be coming out of its shell, showing some reduction with reticent notes of red plum, cherry and berry. The flavors are lipsmacking and rich, but it's difficult right now to get a clear sense of where it's all going.",McLean Creek Road Vineyard,@wawinereport
49059,49037,Canada,Ontario,Beamsville Bench,Cave Spring,Cave Spring 2014 Estate Bottled Riesling (Beamsville Bench),Riesling,17.0,87,Paul Gregutt,"This tastes quite dry, though the residual sugar comes in at 12 g/L, enough to tilt some Rieslings toward off dry. The fruit is a bit thin, with flavors of celery and white peach. The mouthfeel is refreshing, with wet stone minerality and plenty of tart acids.",Estate Bottled,@paulgwine 
49060,49038,Canada,Ontario,Niagara Peninsula,Cave Spring,Cave Spring 2014 Indian Summer Riesling (Niagara Peninsula),Riesling,30.0,87,Paul Gregutt,"Though it was picked at 29 brix and fermentation stopped with 87 g/L residual sugar, this carries a bitter streak all through the palate. The sweetness shows as a burst of caramel apple.",Indian Summer,@paulgwine 
49883,49863,Canada,Ontario,Short Hills Bench,Henry of Pelham,Henry of Pelham 2012 Icewine Cabernet (Short Hills Bench),Cabernet,40.0,88,Sean P. Sullivan,"One hundred percent Cabernet Franc, this wine shows subtle, nuanced aromas of fresh strawberry, cherry and wildflowers. The palate is compact with a tight core of sweet fruit flavors.",Icewine,@wawinereport
51458,51445,Canada,British Columbia,Okanagan Valley,Mission Hill,Mission Hill 2013 Reserve Chardonnay (Okanagan Valley),Chardonnay,24.0,88,Paul Gregutt,"Aged 10 months in 25% new American oak, this pleasantly oaky wine delights with its complexity and overall balance. Pineapple, peach and citrus fruits are complemented by notes of coconut (there's that American oak) and hazelnut. Firm acids bring further citrus highlights to the finish.",Reserve,@paulgwine 
51835,51820,Canada,British Columbia,Okanagan Valley,Meyer Family Vineyards,Meyer Family Vineyards 2013 McLean Creek Road Vineyard Pinot Noir (Okanagan Valley),Pinot Noir,40.0,89,Paul Gregutt,"Cherry and plum, chocolate and peppery herbs combine here in a well-structured wine with some years of life ahead. Aged in one-third new French oak for 11 months, it will reward decanting or aeration if you are drinking it in the next year or two.",McLean Creek Road Vineyard,@paulgwine 
52047,52035,Canada,British Columbia,Okanagan Valley,Tinhorn Creek,Tinhorn Creek 2013 Oldfield Series 2Bench Cabernet Franc (Okanagan Valley),Cabernet Franc,23.0,86,Paul Gregutt,"Made from 100% Cabernet Franc, this dry wine does not entirely skirt the challenges that the grape poses for rosé. Tart and stiff, it mostly tastes of underripe rhubarb, green herb and citrus. Best drunk with food, perhaps roast chicken.",Oldfield Series 2Bench,@paulgwine 
52677,52663,Canada,British Columbia,Okanagan Valley,Laughing Stock,Laughing Stock 2014 Blind Trust Red (Okanagan Valley),Bordeaux-style Red Blend,25.0,92,Paul Gregutt,"The impenetrably obscure label design makes this difficult to find, but once your hands are on the bottle, it's smooth sailing. A “second label” Bordeaux-style blend, this delicious, fruity and distinctive wine puts a wrap of tangy citrus around black cherry, coffee and licorice components. Malbec is the principal grape, with smaller amounts of Merlot, Cabernet Sauvignon and Cab Franc.",Blind Trust,@paulgwine 
53313,53299,Canada,British Columbia,Okanagan Valley,Tinhorn Creek,Tinhorn Creek 2013 Oldfield Series Syrah (Okanagan Valley),Syrah,32.0,88,Paul Gregutt,"Pure varietal, this is a relatively light take on Syrah, but balanced and showing some nice details of tobacco and licorice. The fruit is tart—a mix of rhubarb and tangy red berry—and there's ample acidity for those who like their reds to snap into focus.",Oldfield Series,@paulgwine 
53328,53315,Canada,British Columbia,Okanagan Valley,Burrowing Owl,Burrowing Owl 2013 Athene Cabernet Sauvignon-Syrah (Okanagan Valley),Cabernet Sauvignon-Syrah,40.0,88,Paul Gregutt,"This is 48% Cabernet Sauvignon and 52% Syrah, which seems to be the dominant grape in terms of flavor and style. Scents and flavors of char, licorice and espresso come up quickly, with black fruit showing a peppery edge. The finish seems attenuated, even with ample aeration.",Athene,@paulgwine 
54135,54122,Canada,Ontario,Beamsville Bench,Cave Spring,Cave Spring 2015 Estate Riesling (Beamsville Bench),Riesling,18.0,93,Paul Gregutt,"This is a dry-style Riesling, though it still lends a ripe, fruity impression. Lemon, lime and grapefruit are shuffled into a winning hand, with ample details of cilantro, fennel and wet stone. It's a vibrant, refreshing wine that is immensely food friendly.",Estate,@paulgwine 
56293,56278,Canada,Ontario,Beamsville Bench,Cave Spring,Cave Spring 2011 Estate Bottled Cave Spring Vineyard Riesling (Beamsville Bench),Riesling,16.0,89,Sean P. Sullivan,"Hailing from the winery's Cave Spring Vineyard, it's dry in style with notes of notes of lime, slat, and mint backed by tart, mouthwatering acids that draw out the finish.",Estate Bottled Cave Spring Vineyard,@wawinereport
56928,56913,Canada,Ontario,Niagara Peninsula,Inniskillin,Inniskillin 2012 Icewine Niagara Estate Vidal (Niagara Peninsula),Vidal,60.0,91,Sean P. Sullivan,"A very aromatic wine, showing notes of orange marmalade, brown sugar and apricot. It's supremely rich, with a mango and honey filled finish.",Icewine Niagara Estate,@wawinereport
63477,63463,Canada,Ontario,Beamsville Bench,Cave Spring,Cave Spring 2014 CSV Estate Bottled Riesling (Beamsville Bench),Riesling,26.0,90,Paul Gregutt,"There is a refreshing minerality underscoring this tightly wound wine. Fruit flavors of grapefruit, lime and white melon carry a hint of spice. There's penetrating acidity, only slightly muted by the 13 g/L of residual sugar.",CSV Estate Bottled,@paulgwine 
63989,63979,Canada,Ontario,Lake Erie North Shore,North 42 Degrees,North 42 Degrees 2016 Sparkling Sauvignon Blanc (Lake Erie North Shore),Sauvignon Blanc,20.0,85,Paul Gregutt,"The Charmat process, rather than the Champagne method, is used here. It's a clean, light, generic sparkling wine, done as a brut. Use it as an all-purpose mixer for best effect.",Sparkling,@paulgwine 
66039,66033,Canada,Ontario,Niagara Peninsula,Pillitteri,Pillitteri 2002 Family Reserve Cabernet Sauvignon (Niagara Peninsula),Cabernet Sauvignon,50.0,85,Susan Kostrzewa,"This is an intriguing red, with its nose of dried fennel, eucalyptus, and rosemary, and on the palate, pretty flavors of cassis and anise. Though gentle, the wine has balance and character. Imported by Wine Emporium.",Family Reserve,@suskostrzewa
69150,69143,Canada,British Columbia,Okanagan Valley,Cellar Hand,Cellar Hand 2013 Free Run White (Okanagan Valley),White Blend,16.0,88,Paul Gregutt,"A second-label for Black Hills Estate Winery, this little gem overdelivers in every regard. Exceptionally fragrant, it's a mélange of floral, spice, mint and citrus aromas, cascading into a fruit-driven palate. Lemon, lime, apricot and papaya combine to provide a lush and vibrant set of flavors. Drink up while the freshness is in full force.",Free Run,@paulgwine 
69152,69145,Canada,British Columbia,Okanagan Valley,Church & State,Church & State 2012 Coyote Bowl Series Chardonnay (Okanagan Valley),Chardonnay,27.0,88,Paul Gregutt,"This straight-on wine powers through with clean apple and peach fruit, wrapped in a blanket of barrel toast. Full-flavored and crisp, it does not show much complexity, but plenty of toasty goodness.",Coyote Bowl Series,@paulgwine 
69600,69597,Canada,British Columbia,Okanagan Valley,Painted Rock,Painted Rock 2010 Estate Grown Red Icon Red (Okanagan Valley),Bordeaux-style Red Blend,65.0,91,Paul Gregutt,"This is a solid, complex, complete and evocative five-grape Bordeaux blend. It has distinctive characteristics reflective of the region's terroir. Threads of soy and balsamic run across deep cassis fruit. The stiff acidity has a citrus flavor, and details of clean fresh herb add further interest. It's a wine with a fine sense of detail, balance and length.",Estate Grown Red Icon,@paulgwine 
70505,70499,Canada,British Columbia,Okanagan Valley,Meyer Family Vineyards,Meyer Family Vineyards 2012 McLean Creek Vineyard Chardonnay (Okanagan Valley),Chardonnay,30.0,90,Sean P. Sullivan,"A delightful bottle with notes of stone fruit, buttered popcorn and toasty spice. It's light in style, displaying both nuance and delicacy, with enough acidity to keep it all in vivid focus.",McLean Creek Vineyard,@wawinereport
71257,71251,Canada,British Columbia,Okanagan Valley,Township 7,Township 7 2014 Reserve 7 Red (Okanagan Valley),Bordeaux-style Red Blend,33.0,87,Paul Gregutt,"This Bordeaux-style blend comprises 68% Merlot, 16% Cabernet Sauvignon, 11% Cabernet Franc and a splash each of Malbec and Petit Verdot. The massive tannins dominate, to the detriment of balance and fruit. Perhaps those tannins will mellow with ample age, but that's a ways off. Right now it offers hints of plum and cherry, a dash of mocha, and a lot of stem and earthy tannins.",Reserve 7,@paulgwine 
71984,71984,Canada,British Columbia,Okanagan Valley,Tinhorn Creek,Tinhorn Creek 2012 Oldfield Series 2Bench Red (Okanagan Valley),Bordeaux-style Red Blend,32.0,87,Paul Gregutt,"This Bordeaux-style blend is 28% Merlot, 28% Cabernet Franc, 41% Cabernet Sauvignon and 3% Petit Verdot. Sweet scents of cracker open into a wine with pretty red plum and details of coffee and chocolate. It does not in any way reflect the rather high-listed alcohol, but seems more elegant and lightly refined.",Oldfield Series 2Bench,@paulgwine 
73735,73709,Canada,Ontario,Niagara Peninsula,Cave Spring,Cave Spring 2014 Icewine Riesling (Niagara Peninsula),Riesling,60.0,91,Paul Gregutt,"Golden raisins, poached pear, caramel and butterscotch meld together in this low alcohol, intensely flavored icewine. The flavors expand to include candied pineapple, with tremendous viscosity and enough acidity to keep it aloft and penetrating.",Icewine,@paulgwine 
73751,73724,Canada,British Columbia,Okanagan Valley,Township 7,Township 7 2015 Rock Pocket Vineyard Muscat (Okanagan Valley),Muscat,18.0,91,Paul Gregutt,"With its intense scents and flavors of orange candy, Muscat is often made in a sweet style, but here it shows its dry side, and to good effect. Bright and penetrating scents and flavors hit on the entire spectrum of oranges, with excellent weight, precision and concentration. A touch of candied ginger adds further interest.",Rock Pocket Vineyard,@paulgwine 
74112,74084,Canada,Ontario,Niagara Peninsula,Peller,Peller 2012 Icewine Andrew Peller Signature Series Vidal Blanc (Niagara Peninsula),Vidal Blanc,85.0,91,Sean P. Sullivan,"The aromas and flavors of tangerine, ripe pineapple, jasmine and honey are all robust on a wine that is more about subtlety and elegance than sheer weight and volume. It's very well balanced with an extremely long finish.",Icewine Andrew Peller Signature Series,@wawinereport
74113,74085,Canada,Ontario,Niagara-On-The-Lake,Pillitteri,Pillitteri 2011 Icewine Riesling (Niagara-On-The-Lake),Riesling,40.0,91,Sean P. Sullivan,"Harvested on January 3rd at a ripe 37.8 Brix, it brings an aromatic explosion of dried apricot, citrus, honey, apple and pear. It's full bodied, rich and luscious with well balanced acidity drawing out the finish.",Icewine,@wawinereport
76793,76759,Canada,Ontario,Beamsville Bench,Cave Spring,Cave Spring 2015 CSV Estate Bottled Riesling (Beamsville Bench),Riesling,28.0,92,Paul Gregutt,"The low-yielding vines average 35 years of age, and their flavors are subtle yet distinctive. This wine unfolds slowly and almost imperceptibly, with subtle minerality around flavors of citrus pith and rind. It's tart and racy, with a lick of Key lime through the finish.",CSV Estate Bottled,@paulgwine 
76807,76772,Canada,Ontario,Niagara-On-The-Lake,Pillitteri,Pillitteri 2013 Red Leaf Vidal (Niagara-On-The-Lake),Vidal,31.0,92,Paul Gregutt,"Lush and lovely, this sweet treat is an outstanding example of the variety made as an icewine. Loaded with apricot, tangerine, peach and honey, it compensates for its sweetness with balancing acidity. One 375 ml bottle will easily serve four for dessert.",Red Leaf,@paulgwine 
77627,77588,Canada,British Columbia,Okanagan Valley,Quails' Gate,Quails' Gate 2009 Stewart Family Reserve Chardonnay (Okanagan Valley),Chardonnay,24.0,91,Paul Gregutt,Full barrel fermentation in French oak yields a delicious Chardonnay with fruit tasting of grapefruit and peaches. The buttery mouthfeel and streak of vanilla cookie match up well with the expected acidity from Okanagan grapes.,Stewart Family Reserve,@paulgwine 
84829,84775,Canada,British Columbia,Okanagan Valley,Township 7,Township 7 2012 Rock Pocket Vineyard Cabernet Franc (Okanagan Valley),Cabernet Franc,31.0,89,Paul Gregutt,"Scents of leather, coffee and a hint of barnyard emerge, adding some interesting funk to the fruit flavors of tart, wild berries. Barrel aging adds notes of cocoa and cedar on the finish.",Rock Pocket Vineyard,@paulgwine 
85473,85416,Canada,British Columbia,Okanagan Valley,Le Vieux Pin,Le Vieux Pin 2006 Vaïla Pinot Noir Rosé (Okanagan Valley),Rosé,24.0,90,Paul Gregutt,"This is just the second vintage for this winery, whose inviting labels look like handwritten notes. The rosé captures the bright color, fresh fruit and silky texture of its Pinot Noir grape; it's a perfect salmon or turkey wine, and one you could happily sip as an apéritif.",Vaïla Pinot Noir,@paulgwine 
88192,88138,Canada,British Columbia,Okanagan Valley,Mission Hill,Mission Hill 2014 Reserve Riesling (Okanagan Valley),Riesling,24.0,90,Paul Gregutt,"This comes in at 15g/L residual sugar, but it's more than offset with mineral-drenched acidity, so it drinks like a dry wine. Pale lemon in hue, it offers citrus flesh and rind in a young, yeasty, medium-bodied wine. The persistent, crisply-defined finish leaves a pleasing aftertaste of tangerine.",Reserve,@paulgwine 
88996,88947,Canada,British Columbia,Okanagan Valley,Mission Hill,Mission Hill 2011 Compendium Red (Okanagan Valley),Bordeaux-style Red Blend,70.0,90,Paul Gregutt,"This Bordeaux-style blend is comprised of 44% Cabernet Sauvignon, 43% Merlot and 13% Cabernet Franc. The fruit flavors of raspberry and blackberry are light and tangy, the tannins mellow. A note of dark chocolate highlights the finish.",Compendium,@paulgwine 
89278,89232,Canada,British Columbia,Okanagan Valley,Mission Hill,Mission Hill 2014 Reserve Pinot Noir (Okanagan Valley),Pinot Noir,32.0,88,Paul Gregutt,"Pinot Noir from Canada can often be quite delicate, but this is a full-bodied, even muscular effort. Toasty and tasty, it puts a pleasant roasted character upon ripe strawberry and cherry fruit. Tannins are substantial, along with some barrel flavors from nine months in French oak.",Reserve,@paulgwine 
89549,89503,Canada,British Columbia,Okanagan Valley,Tinhorn Creek,Tinhorn Creek 2013 Oldfield Series 2Bench Cabernet Franc (Okanagan Valley),Cabernet Franc,23.0,86,Paul Gregutt,"Made from 100% Cabernet Franc, this dry wine does not entirely skirt the challenges that the grape poses for rosé. Tart and stiff, it mostly tastes of underripe rhubarb, green herb and citrus. Best drunk with food, perhaps roast chicken.",Oldfield Series 2Bench,@paulgwine 
89726,89681,Canada,British Columbia,Okanagan Valley,Township 7,Township 7 2013 Reserve 7 Red (Okanagan Valley),Bordeaux-style Red Blend,33.0,90,Paul Gregutt,"This Bordeaux-style blend comprises 60% Merlot, 35% Cabernet Sauvignon and a smattering of three other grapes. There's an herbal frame around dark cassis fruit and a powdery mouthfeel from stiff, dry tannins. The accents of char, graphite and smoke are well integrated.",Reserve 7,@paulgwine 
91586,91540,Canada,British Columbia,Okanagan Valley,Foxtrot,Foxtrot 2013 Foxtrot Vineyard Pinot Noir (Okanagan Valley),Pinot Noir,50.0,90,Paul Gregutt,"Though pale in color, this is a tannic and flavorful wine with an earthy underpinning. Lightly spiced red-fruit flavors unfold and gather strength midpalate. This nicely captures the elegance of Naramata Bench Pinot Noir.",Foxtrot Vineyard,@paulgwine 
91590,91544,Canada,Ontario,Beamsville Bench,Cave Spring,Cave Spring 2014 CSV Estate Bottled Riesling (Beamsville Bench),Riesling,26.0,90,Paul Gregutt,"There is a refreshing minerality underscoring this tightly wound wine. Fruit flavors of grapefruit, lime and white melon carry a hint of spice. There's penetrating acidity, only slightly muted by the 13 g/L of residual sugar.",CSV Estate Bottled,@paulgwine 
91996,91948,Canada,Ontario,Niagara Peninsula,Inniskillin,Inniskillin 2008 Icewine Cabernet Franc (Niagara Peninsula),Cabernet Franc,95.0,89,Sean P. Sullivan,"A very pretty, very varietal wine with notes of strawberry, cherry and jalapeno pepper. The palate is full of luscious, candied red fruit flavors that lead to a spice-filled finish.",Icewine,@wawinereport
92291,92240,Canada,Ontario,Niagara Peninsula,Cave Spring,Cave Spring 2008 Icewine Sweet Wine Riesling (Niagara Peninsula),Riesling,50.0,93,Sean P. Sullivan,"A full five years old but still with a long life ahead of it, this wine is in full blossom with notes of petrol, slate and white flowers. Harvested at 38.3 Brix and retaining 222 g/L of residual sugar, it's full of concentrated, rich apricot flavors that linger after each sip for close to a minute.",Icewine Sweet Wine,@wawinereport
92301,92250,Canada,Ontario,Niagara Peninsula,Peller,Peller 2008 Icewine Riesling (Niagara Peninsula),Riesling,90.0,93,Sean P. Sullivan,"Richly aromatic, with notes of orange marmalade, apricot, honey and crème fraîche. It's thick and creamy in feel while still displaying exceptional balance, length and intensity.",Icewine,@wawinereport
95220,95162,Canada,British Columbia,Okanagan Valley,Township 7,Township 7 2015 Naramata Estate Vineyard Reserve Pinot Gris (Okanagan Valley),Pinot Gris,23.0,91,Paul Gregutt,"Rich and creamy, this barrel-fermented (in neutral oak) wine has appealing flavors of pear tart, grapefruit and coconut cream pie. The bracing acids compensate for all the lush creamy flavor, and the result is darn near irresistible.",Naramata Estate Vineyard Reserve,@paulgwine 
95356,95299,Canada,British Columbia,Okanagan Valley,Mission Hill,Mission Hill 2011 Icewine Riesling (Okanagan Valley),Riesling,65.0,91,Sean P. Sullivan,A uniquely styled wine with notes of apple cider and caramel. It's rich and creamy with a panoply of fruit flavors that come in waves and linger long after the last sip. Offers as much in feel as it does in flavor.,Icewine,@wawinereport
95380,95323,Canada,Ontario,Niagara Peninsula,Peller,Peller 2011 Icewine Cabernet Franc (Niagara Peninsula),Cabernet Franc,95.0,91,Sean P. Sullivan,"A direct and appealing wine, with notes of wild strawberry, wet stone, cherry and cranberry. It's fruity and concentrated while still retaining lightness of expression. Drawn out fruit flavors linger on the finish.",Icewine,@wawinereport
95774,95716,Canada,Canada Other,Canada,Domaine Pinnacle,Domaine Pinnacle NV Ice Apple Wine Apple (Canada),Apple,33.0,89,Lauren Buzzeo,"With over 80 apples used to produce each bottle, there's no question as to what the dominating fruit character is here. Aromas of apple skins, clove and ginger on the nose transition to flavors of candied apple, white grape and honeyed apricot in the sticky, viscous mouth. Long and lingering on the finish; a dessert wine sure to please those with a sweet tooth.",Ice Apple Wine,@laurbuzz
96663,96607,Canada,Ontario,Niagara Peninsula,Inniskillin,Inniskillin 1998 Sparkling Icewine Vidal Blanc (Niagara Peninsula),Vidal Blanc,83.0,84,Joe Czerwinski,"A real oddball that's musky, melony, sweet and–yes–bubbly. Vidal is a French-American hybrid with some strange petrolly aromatics that take some getting used to, and they're well-displayed in this example that gets its bubbles from fermentation in sealed tanks, trapping the naturally occurring carbon dioxide.",Sparkling Icewine,@JoeCz
96935,96878,Canada,British Columbia,Okanagan Valley,Tinhorn Creek,Tinhorn Creek 2013 Oldfield Series 2Bench White (Okanagan Valley),White Blend,23.0,88,Paul Gregutt,"The gold capsule Oldfield Series wines occupy a sort of reserve tier. This is principally a blend of Chardonnay, Sémillon and Sauvignon Blanc, with a splash of Viognier and Muscat adding aromatic highlights. Snappy citrus fruit and a light dusting of cinnamon makes this well-crafted wine a versatile, refreshing option for a variety of seafood and salad entrées.",Oldfield Series 2Bench,@paulgwine 
97012,96955,Canada,British Columbia,Okanagan Valley,Meyer Family Vineyards,Meyer Family Vineyards 2013 McLean Creek Road Vineyard Chardonnay (Okanagan Valley),Chardonnay,30.0,87,Paul Gregutt,"Lean and yeasty, this light-fruited effort seems almost beer-like. The hoppy flavors are fresh and palate-cleansing, the flavors very lightly suggesting green apples and citrus.",McLean Creek Road Vineyard,@paulgwine 
97214,97158,Canada,British Columbia,Okanagan Valley,Tinhorn Creek,Tinhorn Creek 2012 Oldfield Series 2Bench Red (Okanagan Valley),Bordeaux-style Red Blend,32.0,87,Paul Gregutt,"This Bordeaux-style blend is 28% Merlot, 28% Cabernet Franc, 41% Cabernet Sauvignon and 3% Petit Verdot. Sweet scents of cracker open into a wine with pretty red plum and details of coffee and chocolate. It does not in any way reflect the rather high-listed alcohol, but seems more elegant and lightly refined.",Oldfield Series 2Bench,@paulgwine 
97286,97229,Canada,British Columbia,Okanagan Valley,CedarCreek,CedarCreek 2012 Block 5 Platinum Chardonnay (Okanagan Valley),Chardonnay,30.0,93,Paul Gregutt,"Fragrant, with a floral lift in the nose, this is loaded with rich fruit flavors of pineapple, peach and citrus. A whiff of toast and just-sawn wood leads into a lengthy, beautifully balanced, tongue-coating finish.",Block 5 Platinum,@paulgwine 
97639,97579,Canada,Ontario,Niagara Peninsula,Inniskillin,Inniskillin 2007 Gold Icewine Vidal Blanc (Niagara Peninsula),Vidal Blanc,77.0,92,Sean P. Sullivan,"Harvested at 40.16 Brix and retaining a whopping 255 g/L residual sugar, this wine shows a complex medley of notes ranging from fresh baked apple pie to apricot and cinnamon. It's thick and rich in feel with stone fruit and dried orange rind flavors persisting through the long-drawn-out finish.",Gold Icewine,@wawinereport
97646,97586,Canada,Ontario,Niagara Peninsula,Wayne Gretzky Estates,Wayne Gretzky Estates 2012 No. 99 Icewine Cabernet Franc (Niagara Peninsula),Cabernet Franc,95.0,92,Sean P. Sullivan,"Medium cherry in color with notes of raspberry jam, wet stone, mint and cherry. This wine is viscous in mouthfeel with sweet, focused fruit flavors that almost reach excessive but pull back just in time.",No. 99 Icewine,@wawinereport
97661,97601,Canada,Ontario,Niagara Peninsula,Peller,Peller 2011 Oak Aged Icewine Andrew Peller Signature Series Vidal Blanc (Niagara Peninsula),Vidal Blanc,80.0,92,Sean P. Sullivan,"Aged for four months in oak, this wine brings an explosion of complex aromas of tangerine, dried apricot, honey and a speckling of smoky oak spices. The palate is full, rich and luscious, with concentrated stone fruit flavors that linger long after the last sip.",Oak Aged Icewine Andrew Peller Signature Series,@wawinereport
97664,97604,Canada,British Columbia,Okanagan Valley,Mission Hill,Mission Hill 2011 Icewine Riesling (Okanagan Valley),Riesling,65.0,91,Sean P. Sullivan,A uniquely styled wine with notes of apple cider and caramel. It's rich and creamy with a panoply of fruit flavors that come in waves and linger long after the last sip. Offers as much in feel as it does in flavor.,Icewine,@wawinereport
98273,98218,Canada,British Columbia,Okanagan Valley,Meyer Family Vineyards,Meyer Family Vineyards 2012 Meyer Chardonnay (Okanagan Valley),Chardonnay,20.0,88,Paul Gregutt,"This has an edge, a frame of herb and skin flavors that tightens the mouthfeel. Green pineapple, cilantro, cucumber and lemon verbena are in play, with a penetrating attack and a pleasantly soft finish. The wine has a density that somehow recalls extra-virgin olive oil.",Meyer,@paulgwine 
99162,99105,Canada,Ontario,Niagara Peninsula,Inniskillin,Inniskillin 1997 Oak Aged Ice Wine Vidal Blanc (Niagara Peninsula),Vidal Blanc,80.0,89,Joe Czerwinski,"Inniskillin continues to push the boundaries of icewine, as evidenced by this wood-aged Vidal. The vanilla and spice of oak barrels partially masks some of the stranger Vidal aromas, allowing the apricot and peach scents to come to the fore. There are some creamy lactic notes on the finish that detract slightly, but this is a very good effort at an entirely different genre.",Oak Aged Ice Wine,@JoeCz
99164,99107,Canada,Ontario,Niagara Peninsula,Henry of Pelham,Henry of Pelham 1998 Botrytis Affected Riesling (Niagara Peninsula),Riesling,30.0,88,Joe Czerwinski,"Shows ample evidence of botrytis on the apricot-scented nose, with less-dominant aromas of ultraripe pears and peaches blending in. It's very juicy and fruity, with some lime-like acidity that keeps it fresh. Best with fresh fruits, or try with a foie gras appetizer.",Botrytis Affected,@JoeCz
99223,99165,Canada,British Columbia,Okanagan Valley,Mission Hill,Mission Hill 2012 Southern Cross Sauvignon Blanc (Okanagan Valley),Sauvignon Blanc,30.0,90,Paul Gregutt,"Partially (35%) fermented in French oak, this is a soft, round and fruity wine. Lightly toasted with scents of coconut and camphor, it's still packed with crisp lime and gooseberry fruit, providing a solid underpinning.",Southern Cross,@paulgwine 
99526,99472,Canada,Ontario,Niagara Peninsula,Cave Spring,Cave Spring 2012 Select Late Harvest Indian Summer Riesling (Niagara Peninsula),Riesling,30.0,89,Paul Gregutt,"Perhaps a little overripe on the nose, this late harvest is high-toned and rather sharp in its attack. Concentrated peach, apricot, butter brickle and honey flavors carry the midpalate, but the finish turns bitter.",Select Late Harvest Indian Summer,@paulgwine 
100523,100468,Canada,Ontario,Short Hills Bench,Henry of Pelham,Henry of Pelham 2007 Reserve Off-Dry Riesling (Short Hills Bench),Riesling,16.0,82,Susan Kostrzewa,"This off-dry Riesling has a nose of flowers and warming spices, followed by slightly sweet and spicy fruit (apples, pears, vanilla) flavors. The wine is simple but appealing.",Reserve Off-Dry,@suskostrzewa
100906,100849,Canada,British Columbia,Okanagan Valley,Tinhorn Creek,Tinhorn Creek 2012 Oldfield Series Merlot (Okanagan Valley),Merlot,28.0,85,Paul Gregutt,"Though it's designated as reserve-level, and lists rather high alcohol, this seems thin, stemmy and green. The fruit is nearly invisible. The addition of 14% Cabernet Franc has not had any noticeable impact. Drink up.",Oldfield Series,@paulgwine 
103664,103616,Canada,British Columbia,Okanagan Valley,Cellar Hand,Cellar Hand 2012 Punch Down Red (Okanagan Valley),Red Blend,20.0,91,Paul Gregutt,"Principally Cabernet Sauvignon and Merlot, this dark and smoky wine from Black Hills Estate Winery brings exceptional complexity to a more budget-friendly blend. Generous streaks of soy, espresso, dark chocolate and smoke wrap around a cassis core. The roasted black fruits and continuing flavors of smoke, tar and tobacco create a wine with power and length.",Punch Down,@paulgwine 
104438,104388,Canada,Ontario,Lake Erie North Shore,North 42 Degrees,North 42 Degrees 2016 Sweet Riesling (Lake Erie North Shore),Riesling,16.0,87,Paul Gregutt,"This off-dry wine is solid, with a mix of lemons and oranges in a broad, fruity midpalate. A thick streak of sweet tea comes up also, and the wine, though blocky and one-dimensional, is quite nice chilled down as an apéritif.",Sweet,@paulgwine 
105588,105534,Canada,Ontario,Niagara-On-The-Lake,Pillitteri,Pillitteri 2013 Red Leaf Vidal (Niagara-On-The-Lake),Vidal,31.0,92,Paul Gregutt,"Lush and lovely, this sweet treat is an outstanding example of the variety made as an icewine. Loaded with apricot, tangerine, peach and honey, it compensates for its sweetness with balancing acidity. One 375 ml bottle will easily serve four for dessert.",Red Leaf,@paulgwine 
107735,107689,Canada,British Columbia,Okanagan Valley,Foxtrot,Foxtrot 2012 Henricsson Vineyard Pinot Noir (Okanagan Valley),Pinot Noir,44.0,91,Paul Gregutt,"The complex aromatics, texture and detail on display here may dazzle you. It's a wine that deserves your attention, deceptively light in color and taste, yet penetrating, with a core of strawberry jam and a streak of caramel mocha running through the finish. Drink now through 2025.",Henricsson Vineyard,@paulgwine 
108276,108235,Canada,British Columbia,Okanagan Valley,Township 7,Township 7 2014 Naramata Estate Vineyard Gewürztraminer (Okanagan Valley),Gewürztraminer,18.0,92,Paul Gregutt,"Here is a splendid example of this variety, intensely spicy, with the characteristic scents and flavors of rose petals, lychee fruit and baby powder. It shows tremendous depth and precision, and could be cellared through 2020, but why wait?",Naramata Estate Vineyard,@paulgwine 
109504,109476,Canada,British Columbia,Okanagan Valley,Meyer Family Vineyards,Meyer Family Vineyards 2012 Reimer Vineyard Pinot Noir (Okanagan Valley),Pinot Noir,40.0,89,Sean P. Sullivan,"Aromatically appealing in notes of sarsaparilla, barrel spice and cherry. This full-bodied Pinot brings pomegranate and plum flavors to the palate, showing some dryness from the tannins.",Reimer Vineyard,@wawinereport
110145,110119,Canada,Ontario,Niagara Peninsula,Reif Estate,Reif Estate 2002 First Growth Cabernet Merlot (Niagara Peninsula),Cabernet Merlot,50.0,89,Susan Kostrzewa,"This wine exhibits all of the hallmarks of a good Bordeaux blend: balance with power, poise with spirit. Its gamy, spicy nose leads into elegant, supple layers of earthy spice, brooding fruit and a lingering finish. This wine can age but it's good right now. Imported by Sante Wines.",First Growth,@suskostrzewa
111028,111005,Canada,Ontario,Niagara Peninsula,Henry of Pelham,Henry of Pelham 1998 Select Late Harvest Riesling (Niagara Peninsula),Riesling,23.0,87,Joe Czerwinski,"Peaches and pears, lemons and grapefruits come together in this harmonious late harvest wine that shows little evidence of botrytis. The high acidity gives it balance and makes it a great foil for fruit-garnished foie gras.",Select Late Harvest,@JoeCz
112278,112258,Canada,British Columbia,Okanagan Valley,Tinhorn Creek,Tinhorn Creek 2013 Oldfield Series Merlot (Okanagan Valley),Merlot,27.0,93,Paul Gregutt,"Precise and polished, this wine offers up a mix of fig, plum, black cherry, chocolate and caramel. A streak of graphite underscores the polished tannins. Good already, this can be cellared and enjoyed through 2028 and perhaps beyond.",Oldfield Series,@paulgwine 
113559,113538,Canada,Ontario,Beamsville Bench,Cave Spring,Cave Spring 2011 Cave Spring Vineyard Estate Bottled VQA Riesling (Beamsville Bench),Riesling,25.0,90,Sean P. Sullivan,"A detailed wine, with notes of wet slate, apricot and pear alongside high toned spices. It drinks off dry, with ripe stone-fruit flavors balanced by crisp acidity, leading to a lingering finish.",Cave Spring Vineyard Estate Bottled VQA,@wawinereport
114465,114445,Canada,British Columbia,Okanagan Valley,Culmina,Culmina 2013 Thesis Red (Okanagan Valley),Bordeaux-style Red Blend,60.0,91,Paul Gregutt,"This Bordeaux-style blend may strike those unfamiliar with Okanagan reds as tilting toward an astringent, tannic style, which many of these wines do. That said, it's complex and compelling, with an array of dried herbs, dried tobacco, dried fruits (cranberries and cherries) and dark chocolate. The granular tannins are ripe and supportive, with a finishing lick of espresso. It's best to decant this for a couple of hours before drinking.",Thesis,@paulgwine 
115723,115700,Canada,British Columbia,Okanagan Valley,St. Hubertus,St. Hubertus 2012 Dry Riesling (Okanagan Valley),Riesling,20.0,87,Paul Gregutt,"A whiff of petrol introduces this bone-dry effort, continuing with flavors of citrus rind and tangerine. The piercing acidity will cut through any number of noodle dishes, white fish, or poultry, though on its own the wine seems to fade into a somewhat dilute finish.",Dry,@paulgwine 
115734,115711,Canada,Ontario,Niagara Peninsula,Inniskillin,Inniskillin 2005 Icewine Riesling (Niagara Peninsula),Riesling,80.0,90,Susan Kostrzewa,"Delicate flowers, honey and a touch of apricot typify this lovely dessert wine. On the palate, the flavors are set aloft by a touch of spice and acid. The character is serious but feminine, and the finish lingering, but clean.",Icewine,@suskostrzewa
115743,115721,Canada,British Columbia,Okanagan Valley,Van Westen,Van Westen 2003 Voluptuous Red Red (Okanagan Valley),Red Blend,31.0,90,Paul Gregutt,"Estate-grown, two-thirds Merlot and one-third Cabernet Franc, it's another wine from the Naramata Bench. It is almost impenetrable when first poured, inky and dense. Over a period of hours the tart and spicy red fruits emerge, along with the herbal, soy, smoke and olive flavors that often characterize Okanagan Bordeaux blends.",Voluptuous Red,@paulgwine 
115750,115728,Canada,British Columbia,Okanagan Valley,Joie,Joie 2006 A Noble Blend White White (Okanagan Valley),White Blend,22.0,89,Paul Gregutt,"Author Heidi Noble (Menus From An Orchard Table) and her husband Michael Dinn make Joie, and all four releases are beautifully executed. This unusual blend includes Riesling, Gewürz, Pinot Blanc, Kerner and Ehrenfelser, with a splash of unfermented grape juice “in the spirit of Edelzwicker.” It is intensely perfumed, oily and loaded with peach and citrus, with the acidity to offset the sweetness.",A Noble Blend White,@paulgwine 
115893,115870,Canada,British Columbia,Okanagan Valley,CedarCreek,CedarCreek 2012 Platinum Desert Ridge Meritage (Okanagan Valley),Meritage,45.0,91,Paul Gregutt,"This five-grape, Bordeaux-style blend is more than half Merlot, fragrant and forward in both aroma and flavor. It's broadly displayed across the palate, with pretty cherry fruit, steely tannins, and lighter hints of nut skin, cacao and dried earth. The complexity and balance are impressive. Drink 2015–2030.",Platinum Desert Ridge,@paulgwine 
116693,116673,Canada,British Columbia,Okanagan Valley,Foxtrot,Foxtrot 2014 Four Shadows Chardonnay (Okanagan Valley),Chardonnay,41.0,89,Paul Gregutt,"This barrel-fermented Chardonnay offers subtle layers of flavor, weaving hints of leafy green herb, lemon skin and oil, together with suggestions of white peach. It's structured for drinking now and through 2021, with an elegant frame and modest proportions.",Four Shadows,@paulgwine 
117005,116990,Canada,British Columbia,Okanagan Valley,Tinhorn Creek,Tinhorn Creek 2010 Oldfield Series Pinot Noir (Okanagan Valley),Pinot Noir,30.0,86,Paul Gregutt,"Well along the aging curve, this feels a bit pushed, with divergent and strong flavors of cherry, plum, licorice, smoke and sweet toast. There's a lot going on, though little sense of the elegance that often typifies Pinot Noir, and the tannins have a rough, rustic quality.",Oldfield Series,@paulgwine 
117402,117390,Canada,Ontario,Niagara Peninsula,Henry of Pelham,Henry of Pelham 2004 Icewine Riesling (Niagara Peninsula),Riesling,50.0,85,Susan Kostrzewa,"Spicy, floral and with a touch of minerality, this is poised and layered. It's dense and honeyed on the palate but overall, has a balanced, attractive character. Imported by Bayfield Importing, Ltd.",Icewine,@suskostrzewa
117960,117949,Canada,Ontario,Niagara Peninsula,Reif Estate,Reif Estate 2002 First Growth Merlot (Niagara Peninsula),Merlot,50.0,84,Susan Kostrzewa,"Anise, blackberry and pepper on the nose and palate create an appealing Merlot that is nonetheless a touch acidic. Balance it with a rich meat stew or duck entrée.",First Growth,@suskostrzewa
119241,119231,Canada,British Columbia,Okanagan Valley,St. Hubertus,St. Hubertus 2013 Oak Bay Vineyard Gewürztraminer (Okanagan Valley),Gewürztraminer,22.0,91,Paul Gregutt,"A splendid nose with rose petals, lychee and melon starts this off well, and it continues with expressive fruit and tongue-coating oiliness. It's clean and rich, dry and robust, and would be ideal with a moderately spicy Thai curry.",Oak Bay Vineyard,@paulgwine 
119255,119245,Canada,British Columbia,Okanagan Valley,Church & State,Church & State 2010 Coyote Bowl Series Cabernet Franc (Okanagan Valley),Cabernet Franc,35.0,91,Paul Gregutt,"Tart berry and sour cherry fruit is set amidst a well-balanced, pure varietal expression of Cab Franc. A touch of stem, earth and coffee carry out the varietal flavors, with a firmness to the tannins.",Coyote Bowl Series,@paulgwine 
119647,119638,Canada,British Columbia,Okanagan Valley,Tantalus,Tantalus 2006 Old Vine Riesling (Okanagan Valley),Riesling,27.0,92,Paul Gregutt,"The vines, over 30 years old, deliver layered, racy, detailed flavors. German in style, the wine is loaded with citrus rind, honeysuckle, peach and lemon, finishing with minerals and a lick of honey. Intense and tightly structured for aging.",Old Vine,@paulgwine 
119874,119864,Canada,British Columbia,Okanagan Valley,Meyer Family Vineyards,Meyer Family Vineyards 2013 McLean Creek Road Vineyard Pinot Noir (Okanagan Valley),Pinot Noir,40.0,89,Paul Gregutt,"Cherry and plum, chocolate and peppery herbs combine here in a well-structured wine with some years of life ahead. Aged in one-third new French oak for 11 months, it will reward decanting or aeration if you are drinking it in the next year or two.",McLean Creek Road Vineyard,@paulgwine 
120165,120153,Canada,Ontario,Niagara Peninsula,Cave Spring,Cave Spring 2011 Indian Summer Select Late Harvest VQA Riesling (Niagara Peninsula),Riesling,30.0,91,Sean P. Sullivan,"A vibrantly aromatic wine, with notes of petrol, marmalade, citrus and flowers. It's rich and honeyed, with a lightly smoky, lingering finish.",Indian Summer Select Late Harvest VQA,@wawinereport
120401,120394,Canada,British Columbia,Okanagan Valley,CedarCreek,CedarCreek 2012 Block 4 Platinum Pinot Noir (Okanagan Valley),Pinot Noir,45.0,91,Paul Gregutt,"Native yeast was used in this block selection, a big-boned, almost chunky wine with flavors of dried plums and sesame candy. It has a pleasantly oily mouthfeel, and a finishing lick of hazelnuts.",Block 4 Platinum,@paulgwine 
120656,120648,Canada,Ontario,Niagara Escarpment,Niagara Landing,Niagara Landing 2007 Ice Wine Vidal Blanc (Niagara Escarpment),Vidal Blanc,40.0,86,Susan Kostrzewa,"This wine has a dancing, delicate nature. Aromas of apricot and honey are followed by floral, apricot and honey flavors. Elegant and friendly with balanced sugar and acid.",Ice Wine,@suskostrzewa
121508,121496,Canada,British Columbia,Okanagan Valley,Tinhorn Creek,Tinhorn Creek 2011 Oldfield Series Merlot (Okanagan Valley),Merlot,30.0,90,Paul Gregutt,"A reserve-level Merlot, this is blended with 9% Cabernet Franc and 2% Syrah, then barrel-aged for 18 months in new, one- and two-year-old French oak barrels. Oaky, smoky, charred and tannic, it's a bit of a bruiser. But dig down and you'll find cassis, black cherry, coffee, cola, licorice and tar—in short, a compelling range of dark flavors, all well-integrated. Drink soon.",Oldfield Series,@paulgwine 
121526,121514,Canada,British Columbia,Okanagan Valley,Church & State,Church & State 2011 Coyote Bowl Series Syrah (Okanagan Valley),Syrah,35.0,90,Paul Gregutt,"This carries true-to-variety flavors of peppery blackberry fruit, here cloaked in coffee and toast from aging in 40% new French and American oak barrels. The lemony acids contribute to the overall balance and ageworthy structure.",Coyote Bowl Series,@paulgwine 
122225,122214,Canada,British Columbia,Okanagan Valley,Township 7,Township 7 2013 Rock Pocket Vineyard Cabernet Franc (Okanagan Valley),Cabernet Franc,31.0,88,Paul Gregutt,"Ample accents of baking spices and unusual rose petal highlights push this out of the ordinary range of the grape. The pretty blueberry fruit is somewhat masked by all the sweet spice, but this delivers plenty of pleasing flavors.",Rock Pocket Vineyard,@paulgwine 
123036,123023,Canada,British Columbia,Okanagan Valley,Township 7,Township 7 2013 Loveridge Vineyard Gewürztraminer (Okanagan Valley),Gewürztraminer,20.0,90,Paul Gregutt,"Although this wine is described as slightly off dry by the winery, for most palates it would be perfectly dry, though just slightly rounded off to eliminate any suggestion of sourness. Lychee, pineapple and grapefruit flavors abound, underscored with refreshing minerality. That vivid acidity carries through a resonant, lively finish.",Loveridge Vineyard,@paulgwine 
123988,123978,Canada,Ontario,Niagara Peninsula,Inniskillin,Inniskillin 2008 Icewine Cabernet Franc (Niagara Peninsula),Cabernet Franc,95.0,89,Sean P. Sullivan,"A very pretty, very varietal wine with notes of strawberry, cherry and jalapeno pepper. The palate is full of luscious, candied red fruit flavors that lead to a spice-filled finish.",Icewine,@wawinereport
125520,125510,Canada,British Columbia,Okanagan Valley,Church & State,Church & State 2012 Trebella White (Okanagan Valley),Rhône-style White Blend,20.0,90,Paul Gregutt,"This southern Rhône-style blend is soft, lush and heavy with a rich mix of peach, apricot and papaya fruit power. One-third new oak barrels put a patina of toast and butterscotch on the ripe fruit, with a finishing flavor of fresh roasted cashews.",Trebella,@paulgwine 
126567,126560,Canada,British Columbia,Okanagan Valley,Mission Hill,Mission Hill 2013 Perpetua Chardonnay (Okanagan Valley),Chardonnay,50.0,91,Paul Gregutt,"Rich and concentrated, this uber-reserve offers well-defined pear and lemon curd flavors, within a fresh pastry setting. The length and creamy texture is impressive. Drink now through 2020.",Perpetua,@paulgwine 
126569,126561,Canada,British Columbia,Okanagan Valley,Mission Hill,Mission Hill 2013 Reserve Icewine Vidal (Okanagan Valley),Vidal,54.0,91,Paul Gregutt,"The aromatics are interesting but a bit deceptive, showing a rather salty, herbal scent suggesting green olives. Once tasted, the unctuous apricot and candied pineapple fruit takes over, with lime and quince as well. It's ready right now for immediate consumption.",Reserve Icewine,@paulgwine 
126620,126611,Canada,British Columbia,Okanagan Valley,Mission Hill,Mission Hill 2014 Reserve Pinot Noir (Okanagan Valley),Pinot Noir,32.0,88,Paul Gregutt,"Pinot Noir from Canada can often be quite delicate, but this is a full-bodied, even muscular effort. Toasty and tasty, it puts a pleasant roasted character upon ripe strawberry and cherry fruit. Tannins are substantial, along with some barrel flavors from nine months in French oak.",Reserve,@paulgwine 
126939,126934,Canada,British Columbia,Okanagan Valley,Tinhorn Creek,Tinhorn Creek 2014 Oldfield Series 2Bench White (Okanagan Valley),White Blend,21.0,87,Paul Gregutt,"This unusual five-grape blend includes Chardonnay, Sémillon, Sauvignon Blanc, Viognier and Muscat. It maintains a sense of focus, with the grassy, herbal character of Sauv Blanc and Sémillon commanding most of the attention. It's stiff, woody (rather than oaky) and herbal. Try it with fresh goat cheese.",Oldfield Series 2Bench,@paulgwine 
127262,127261,Canada,British Columbia,Okanagan Valley,LaStella,LaStella 2011 Fortissimo Red (Okanagan Valley),Red Blend,35.0,92,Paul Gregutt,"This is a Merlot-dominant blend, with additions of Cabernet Sauvignon, Cabernet Franc and Sangiovese. At first tight, spicy and herbal, it then blossoms with dark, deep juicy black fruits. The finish is long and trim, bringing in more complexity, with coffee, cassis and espresso. Drink now through 2025.",Fortissimo,@paulgwine 
127897,127897,Canada,British Columbia,Okanagan Valley,Meyer Family Vineyards,Meyer Family Vineyards 2013 Reimer Family Vineyards Pinot Noir (Okanagan Valley),Pinot Noir,40.0,89,Paul Gregutt,"The nose suggests truffle around compact cherry fruit. The wine is nicely balanced, relatively high in acid, and fashioned for elegance more than power. A finishing whiff of chocolate adds interest.",Reimer Family Vineyards,@paulgwine 
127906,127906,Canada,British Columbia,Okanagan Valley,Township 7,Township 7 2014 Reserve Chardonnay (Okanagan Valley),Chardonnay,18.0,89,Paul Gregutt,"This blends Dijon clones 76 and 96, and is partially barrel fermented. The spicy nose sharpens the palate with pine needle aromas, and the flavors follow. It's a precise wine, showing pine and mineral more than fruit.",Reserve,@paulgwine 
129055,129054,Canada,British Columbia,Okanagan Valley,Le Vieux Pin,Le Vieux Pin 2012 Ava White (Okanagan Valley),Rhône-style White Blend,35.0,93,Paul Gregutt,"A brilliant blend of 61% Viognier, 21% Roussanne and 18% Marsanne, this impresses with its proportion, tension and balance. Scents and flavors meld citrus oil and rind, fruit flavors of pineapple, grapefruit and Meyer lemon, and a lovely finish with highlights of English breakfast tea. Long and elegant, this is a landmark effort.",Ava,@paulgwine 
129056,129055,Canada,British Columbia,Okanagan Valley,Le Vieux Pin,Le Vieux Pin 2012 Equinoxe Syrah (Okanagan Valley),Syrah,85.0,93,Paul Gregutt,"From a vintage that pushes the fruit out in front, this is loaded with tart, tangy blackberry, boysenberry and huckleberry flavors. At first stiff and compact, it blooms open to reveal streaks of sandalwood, sassafras, iron filings and clean earth. It's a high-wire wine with aging potential at least until 2030.",Equinoxe,@paulgwine 
129487,129485,Canada,Ontario,Short Hills Bench,Henry of Pelham,Henry of Pelham 2012 Icewine Riesling (Short Hills Bench),Riesling,50.0,88,Sean P. Sullivan,"A youthful and appealing wine with notes of orange peel, citrus and crushed flowers. The palate brings abundant stone fruit flavors that taper off toward the finish.",Icewine,@wawinereport
129529,129528,Canada,Ontario,Niagara Peninsula,Henry of Pelham,Henry of Pelham 2011 Icewine Vidal (Niagara Peninsula),Vidal,45.0,89,Sean P. Sullivan,"A delicious though somewhat reserved wine with notes of lychee, honey, sugared pineapple and mint. It's rich in feel with abundant marmalade flavors, while staying well balanced and never going too over the top.",Icewine,@wawinereport
